The dog ate the apple, DET NN V DET NN
Everybody read that book, NN V DET NN
The dog ate the apple, DET NN V DET NN
Everybody read that book, NN V DET NN
The dog ate the apple, DET NN V DET NN
Everybody read that book, NN V DET NN
The dog ate the apple, DET NN V DET NN
Everybody read that book, NN V DET NN
The dog ate the apple, DET NN V DET NN
Everybody read that book, NN V DET NN
The dog ate the apple, DET NN V DET NN
Everybody read that book, NN V DET NN
The dog ate the apple, DET NN V DET NN
Everybody read that book, NN V DET NN
The dog ate the apple, DET NN V DET NN
Everybody read that book, NN V DET NN
The dog ate the apple, DET NN V DET NN
Everybody read that book, NN V DET NN
The dog ate the apple, DET NN V DET NN
Everybody read that book, NN V DET NN
The dog ate the apple, DET NN V DET NN
Everybody read that book, NN V DET NN
The dog ate the apple, DET NN V DET NN
Everybody read that book, NN V DET NN
The dog ate the apple, DET NN V DET NN
Everybody read that book, NN V DET NN
The dog ate the apple, DET NN V DET NN
Everybody read that book, NN V DET NN
The dog ate the apple, DET NN V DET NN
Everybody read that book, NN V DET NN
The dog ate the apple, DET NN V DET NN
Everybody read that book, NN V DET NN
The dog ate the apple, DET NN V DET NN
Everybody read that book, NN V DET NN
The dog ate the apple, DET NN V DET NN
Everybody read that book, NN V DET NN
The dog ate the apple, DET NN V DET NN
Everybody read that book, NN V DET NN
The dog ate the apple, DET NN V DET NN
Everybody read that book, NN V DET NN
The dog ate the apple, DET NN V DET NN
Everybody read that book, NN V DET NN
The dog ate the apple, DET NN V DET NN
Everybody read that book, NN V DET NN
The dog ate the apple, DET NN V DET NN
Everybody read that book, NN V DET NN
The dog ate the apple, DET NN V DET NN
Everybody read that book, NN V DET NN
The dog ate the apple, DET NN V DET NN
Everybody read that book, NN V DET NN
The dog ate the apple, DET NN V DET NN
Everybody read that book, NN V DET NN
The dog ate the apple, DET NN V DET NN
Everybody read that book, NN V DET NN
The dog ate the apple, DET NN V DET NN
Everybody read that book, NN V DET NN
The dog ate the apple, DET NN V DET NN
Everybody read that book, NN V DET NN
The dog ate the apple, DET NN V DET NN
Everybody read that book, NN V DET NN
The dog ate the apple, DET NN V DET NN
Everybody read that book, NN V DET NN
The dog ate the apple, DET NN V DET NN
Everybody read that book, NN V DET NN
The dog ate the apple, DET NN V DET NN
Everybody read that book, NN V DET NN
The dog ate the apple, DET NN V DET NN
Everybody read that book, NN V DET NN
The dog ate the apple, DET NN V DET NN
Everybody read that book, NN V DET NN
The dog ate the apple, DET NN V DET NN
Everybody read that book, NN V DET NN
The dog ate the apple, DET NN V DET NN
Everybody read that book, NN V DET NN
The dog ate the apple, DET NN V DET NN
Everybody read that book, NN V DET NN
The dog ate the apple, DET NN V DET NN
Everybody read that book, NN V DET NN
The dog ate the apple, DET NN V DET NN
Everybody read that book, NN V DET NN
The dog ate the apple, DET NN V DET NN
Everybody read that book, NN V DET NN
The dog ate the apple, DET NN V DET NN
Everybody read that book, NN V DET NN
The dog ate the apple, DET NN V DET NN
Everybody read that book, NN V DET NN
The dog ate the apple, DET NN V DET NN
Everybody read that book, NN V DET NN
The dog ate the apple, DET NN V DET NN
Everybody read that book, NN V DET NN
The dog ate the apple, DET NN V DET NN
Everybody read that book, NN V DET NN
The dog ate the apple, DET NN V DET NN
Everybody read that book, NN V DET NN
The dog ate the apple, DET NN V DET NN
Everybody read that book, NN V DET NN
The dog ate the apple, DET NN V DET NN
Everybody read that book, NN V DET NN
The dog ate the apple, DET NN V DET NN
Everybody read that book, NN V DET NN
The dog ate the apple, DET NN V DET NN
Everybody read that book, NN V DET NN
The dog ate the apple, DET NN V DET NN
Everybody read that book, NN V DET NN
The dog ate the apple, DET NN V DET NN
Everybody read that book, NN V DET NN
The dog ate the apple, DET NN V DET NN
Everybody read that book, NN V DET NN
The dog ate the apple, DET NN V DET NN
Everybody read that book, NN V DET NN
The dog ate the apple, DET NN V DET NN
Everybody read that book, NN V DET NN
The dog ate the apple, DET NN V DET NN
Everybody read that book, NN V DET NN
The dog ate the apple, DET NN V DET NN
Everybody read that book, NN V DET NN
The dog ate the apple, DET NN V DET NN
Everybody read that book, NN V DET NN
The dog ate the apple, DET NN V DET NN
Everybody read that book, NN V DET NN
The dog ate the apple, DET NN V DET NN
Everybody read that book, NN V DET NN
The dog ate the apple, DET NN V DET NN
Everybody read that book, NN V DET NN
The dog ate the apple, DET NN V DET NN
Everybody read that book, NN V DET NN
The dog ate the apple, DET NN V DET NN
Everybody read that book, NN V DET NN
The dog ate the apple, DET NN V DET NN
Everybody read that book, NN V DET NN
The dog ate the apple, DET NN V DET NN
Everybody read that book, NN V DET NN
The dog ate the apple, DET NN V DET NN
Everybody read that book, NN V DET NN
The dog ate the apple, DET NN V DET NN
Everybody read that book, NN V DET NN
The dog ate the apple, DET NN V DET NN
Everybody read that book, NN V DET NN
The dog ate the apple, DET NN V DET NN
Everybody read that book, NN V DET NN
The dog ate the apple, DET NN V DET NN
Everybody read that book, NN V DET NN
The dog ate the apple, DET NN V DET NN
Everybody read that book, NN V DET NN
The dog ate the apple, DET NN V DET NN
Everybody read that book, NN V DET NN
The dog ate the apple, DET NN V DET NN
Everybody read that book, NN V DET NN
The dog ate the apple, DET NN V DET NN
Everybody read that book, NN V DET NN
The dog ate the apple, DET NN V DET NN
Everybody read that book, NN V DET NN
The dog ate the apple, DET NN V DET NN
Everybody read that book, NN V DET NN
The dog ate the apple, DET NN V DET NN
Everybody read that book, NN V DET NN
The dog ate the apple, DET NN V DET NN
Everybody read that book, NN V DET NN
The dog ate the apple, DET NN V DET NN
Everybody read that book, NN V DET NN
The dog ate the apple, DET NN V DET NN
Everybody read that book, NN V DET NN
The dog ate the apple, DET NN V DET NN
Everybody read that book, NN V DET NN
The dog ate the apple, DET NN V DET NN
Everybody read that book, NN V DET NN
The dog ate the apple, DET NN V DET NN
Everybody read that book, NN V DET NN
The dog ate the apple, DET NN V DET NN
Everybody read that book, NN V DET NN
The dog ate the apple, DET NN V DET NN
Everybody read that book, NN V DET NN
The dog ate the apple, DET NN V DET NN
Everybody read that book, NN V DET NN
The dog ate the apple, DET NN V DET NN
Everybody read that book, NN V DET NN
The dog ate the apple, DET NN V DET NN
Everybody read that book, NN V DET NN
The dog ate the apple, DET NN V DET NN
Everybody read that book, NN V DET NN
The dog ate the apple, DET NN V DET NN
Everybody read that book, NN V DET NN
The dog ate the apple, DET NN V DET NN
Everybody read that book, NN V DET NN
The dog ate the apple, DET NN V DET NN
Everybody read that book, NN V DET NN
The dog ate the apple, DET NN V DET NN
Everybody read that book, NN V DET NN
The dog ate the apple, DET NN V DET NN
Everybody read that book, NN V DET NN
The dog ate the apple, DET NN V DET NN
Everybody read that book, NN V DET NN
The dog ate the apple, DET NN V DET NN
Everybody read that book, NN V DET NN
The dog ate the apple, DET NN V DET NN
Everybody read that book, NN V DET NN
The dog ate the apple, DET NN V DET NN
Everybody read that book, NN V DET NN
The dog ate the apple, DET NN V DET NN
Everybody read that book, NN V DET NN
The dog ate the apple, DET NN V DET NN
Everybody read that book, NN V DET NN
The dog ate the apple, DET NN V DET NN
Everybody read that book, NN V DET NN
The dog ate the apple, DET NN V DET NN
Everybody read that book, NN V DET NN
The dog ate the apple, DET NN V DET NN
Everybody read that book, NN V DET NN
The dog ate the apple, DET NN V DET NN
Everybody read that book, NN V DET NN
The dog ate the apple, DET NN V DET NN
Everybody read that book, NN V DET NN
The dog ate the apple, DET NN V DET NN
Everybody read that book, NN V DET NN
The dog ate the apple, DET NN V DET NN
Everybody read that book, NN V DET NN
The dog ate the apple, DET NN V DET NN
Everybody read that book, NN V DET NN
The dog ate the apple, DET NN V DET NN
Everybody read that book, NN V DET NN
The dog ate the apple, DET NN V DET NN
Everybody read that book, NN V DET NN
The dog ate the apple, DET NN V DET NN
Everybody read that book, NN V DET NN
The dog ate the apple, DET NN V DET NN
Everybody read that book, NN V DET NN
The dog ate the apple, DET NN V DET NN
Everybody read that book, NN V DET NN
The dog ate the apple, DET NN V DET NN
Everybody read that book, NN V DET NN
The dog ate the apple, DET NN V DET NN
Everybody read that book, NN V DET NN
The dog ate the apple, DET NN V DET NN
Everybody read that book, NN V DET NN
The dog ate the apple, DET NN V DET NN
Everybody read that book, NN V DET NN
The dog ate the apple, DET NN V DET NN
Everybody read that book, NN V DET NN
The dog ate the apple, DET NN V DET NN
Everybody read that book, NN V DET NN
The dog ate the apple, DET NN V DET NN
Everybody read that book, NN V DET NN
The dog ate the apple, DET NN V DET NN
Everybody read that book, NN V DET NN
The dog ate the apple, DET NN V DET NN
Everybody read that book, NN V DET NN
The dog ate the apple, DET NN V DET NN
Everybody read that book, NN V DET NN
The dog ate the apple, DET NN V DET NN
Everybody read that book, NN V DET NN
The dog ate the apple, DET NN V DET NN
Everybody read that book, NN V DET NN
The dog ate the apple, DET NN V DET NN
Everybody read that book, NN V DET NN
The dog ate the apple, DET NN V DET NN
Everybody read that book, NN V DET NN
The dog ate the apple, DET NN V DET NN
Everybody read that book, NN V DET NN
The dog ate the apple, DET NN V DET NN
Everybody read that book, NN V DET NN
The dog ate the apple, DET NN V DET NN
Everybody read that book, NN V DET NN
The dog ate the apple, DET NN V DET NN
Everybody read that book, NN V DET NN
The dog ate the apple, DET NN V DET NN
Everybody read that book, NN V DET NN
The dog ate the apple, DET NN V DET NN
Everybody read that book, NN V DET NN
The dog ate the apple, DET NN V DET NN
Everybody read that book, NN V DET NN
The dog ate the apple, DET NN V DET NN
Everybody read that book, NN V DET NN
The dog ate the apple, DET NN V DET NN
Everybody read that book, NN V DET NN
The dog ate the apple, DET NN V DET NN
Everybody read that book, NN V DET NN
The dog ate the apple, DET NN V DET NN
Everybody read that book, NN V DET NN
The dog ate the apple, DET NN V DET NN
Everybody read that book, NN V DET NN
The dog ate the apple, DET NN V DET NN
Everybody read that book, NN V DET NN
The dog ate the apple, DET NN V DET NN
Everybody read that book, NN V DET NN
The dog ate the apple, DET NN V DET NN
Everybody read that book, NN V DET NN
The dog ate the apple, DET NN V DET NN
Everybody read that book, NN V DET NN
The dog ate the apple, DET NN V DET NN
Everybody read that book, NN V DET NN
The dog ate the apple, DET NN V DET NN
Everybody read that book, NN V DET NN
The dog ate the apple, DET NN V DET NN
Everybody read that book, NN V DET NN
The dog ate the apple, DET NN V DET NN
Everybody read that book, NN V DET NN
The dog ate the apple, DET NN V DET NN
Everybody read that book, NN V DET NN
The dog ate the apple, DET NN V DET NN
Everybody read that book, NN V DET NN
The dog ate the apple, DET NN V DET NN
Everybody read that book, NN V DET NN
The dog ate the apple, DET NN V DET NN
Everybody read that book, NN V DET NN
The dog ate the apple, DET NN V DET NN
Everybody read that book, NN V DET NN
The dog ate the apple, DET NN V DET NN
Everybody read that book, NN V DET NN
The dog ate the apple, DET NN V DET NN
Everybody read that book, NN V DET NN
The dog ate the apple, DET NN V DET NN
Everybody read that book, NN V DET NN
The dog ate the apple, DET NN V DET NN
Everybody read that book, NN V DET NN
The dog ate the apple, DET NN V DET NN
Everybody read that book, NN V DET NN
The dog ate the apple, DET NN V DET NN
Everybody read that book, NN V DET NN
The dog ate the apple, DET NN V DET NN
Everybody read that book, NN V DET NN
The dog ate the apple, DET NN V DET NN
Everybody read that book, NN V DET NN
The dog ate the apple, DET NN V DET NN
Everybody read that book, NN V DET NN
The dog ate the apple, DET NN V DET NN
Everybody read that book, NN V DET NN
The dog ate the apple, DET NN V DET NN
Everybody read that book, NN V DET NN
The dog ate the apple, DET NN V DET NN
Everybody read that book, NN V DET NN
The dog ate the apple, DET NN V DET NN
Everybody read that book, NN V DET NN
The dog ate the apple, DET NN V DET NN
Everybody read that book, NN V DET NN
The dog ate the apple, DET NN V DET NN
Everybody read that book, NN V DET NN
The dog ate the apple, DET NN V DET NN
Everybody read that book, NN V DET NN
The dog ate the apple, DET NN V DET NN
Everybody read that book, NN V DET NN
The dog ate the apple, DET NN V DET NN
Everybody read that book, NN V DET NN
The dog ate the apple, DET NN V DET NN
Everybody read that book, NN V DET NN
The dog ate the apple, DET NN V DET NN
Everybody read that book, NN V DET NN
The dog ate the apple, DET NN V DET NN
Everybody read that book, NN V DET NN
The dog ate the apple, DET NN V DET NN
Everybody read that book, NN V DET NN
The dog ate the apple, DET NN V DET NN
Everybody read that book, NN V DET NN
The dog ate the apple, DET NN V DET NN
Everybody read that book, NN V DET NN
The dog ate the apple, DET NN V DET NN
Everybody read that book, NN V DET NN
The dog ate the apple, DET NN V DET NN
Everybody read that book, NN V DET NN
The dog ate the apple, DET NN V DET NN
Everybody read that book, NN V DET NN
The dog ate the apple, DET NN V DET NN
Everybody read that book, NN V DET NN
The dog ate the apple, DET NN V DET NN
Everybody read that book, NN V DET NN
The dog ate the apple, DET NN V DET NN
Everybody read that book, NN V DET NN
The dog ate the apple, DET NN V DET NN
Everybody read that book, NN V DET NN
The dog ate the apple, DET NN V DET NN
Everybody read that book, NN V DET NN
The dog ate the apple, DET NN V DET NN
Everybody read that book, NN V DET NN
The dog ate the apple, DET NN V DET NN
Everybody read that book, NN V DET NN
The dog ate the apple, DET NN V DET NN
Everybody read that book, NN V DET NN
The dog ate the apple, DET NN V DET NN
Everybody read that book, NN V DET NN
The dog ate the apple, DET NN V DET NN
Everybody read that book, NN V DET NN
The dog ate the apple, DET NN V DET NN
Everybody read that book, NN V DET NN
The dog ate the apple, DET NN V DET NN
Everybody read that book, NN V DET NN
The dog ate the apple, DET NN V DET NN
Everybody read that book, NN V DET NN
The dog ate the apple, DET NN V DET NN
Everybody read that book, NN V DET NN
The dog ate the apple, DET NN V DET NN
Everybody read that book, NN V DET NN
The dog ate the apple, DET NN V DET NN
Everybody read that book, NN V DET NN
The dog ate the apple, DET NN V DET NN
Everybody read that book, NN V DET NN
The dog ate the apple, DET NN V DET NN
Everybody read that book, NN V DET NN
The dog ate the apple, DET NN V DET NN
Everybody read that book, NN V DET NN
The dog ate the apple, DET NN V DET NN
Everybody read that book, NN V DET NN
The dog ate the apple, DET NN V DET NN
Everybody read that book, NN V DET NN
The dog ate the apple, DET NN V DET NN
Everybody read that book, NN V DET NN
The dog ate the apple, DET NN V DET NN
Everybody read that book, NN V DET NN
The dog ate the apple, DET NN V DET NN
Everybody read that book, NN V DET NN
The dog ate the apple, DET NN V DET NN
Everybody read that book, NN V DET NN
The dog ate the apple, DET NN V DET NN
Everybody read that book, NN V DET NN
The dog ate the apple, DET NN V DET NN
Everybody read that book, NN V DET NN
The dog ate the apple, DET NN V DET NN
Everybody read that book, NN V DET NN
The dog ate the apple, DET NN V DET NN
Everybody read that book, NN V DET NN
The dog ate the apple, DET NN V DET NN
Everybody read that book, NN V DET NN
The dog ate the apple, DET NN V DET NN
Everybody read that book, NN V DET NN
The dog ate the apple, DET NN V DET NN
Everybody read that book, NN V DET NN
The dog ate the apple, DET NN V DET NN
Everybody read that book, NN V DET NN
The dog ate the apple, DET NN V DET NN
Everybody read that book, NN V DET NN
The dog ate the apple, DET NN V DET NN
Everybody read that book, NN V DET NN
The dog ate the apple, DET NN V DET NN
Everybody read that book, NN V DET NN
The dog ate the apple, DET NN V DET NN
Everybody read that book, NN V DET NN
The dog ate the apple, DET NN V DET NN
Everybody read that book, NN V DET NN
The dog ate the apple, DET NN V DET NN
Everybody read that book, NN V DET NN
The dog ate the apple, DET NN V DET NN
Everybody read that book, NN V DET NN
The dog ate the apple, DET NN V DET NN
Everybody read that book, NN V DET NN
The dog ate the apple, DET NN V DET NN
Everybody read that book, NN V DET NN
The dog ate the apple, DET NN V DET NN
Everybody read that book, NN V DET NN
The dog ate the apple, DET NN V DET NN
Everybody read that book, NN V DET NN
The dog ate the apple, DET NN V DET NN
Everybody read that book, NN V DET NN
The dog ate the apple, DET NN V DET NN
Everybody read that book, NN V DET NN
The dog ate the apple, DET NN V DET NN
Everybody read that book, NN V DET NN
The dog ate the apple, DET NN V DET NN
Everybody read that book, NN V DET NN
The dog ate the apple, DET NN V DET NN
Everybody read that book, NN V DET NN
The dog ate the apple, DET NN V DET NN
Everybody read that book, NN V DET NN
The dog ate the apple, DET NN V DET NN
Everybody read that book, NN V DET NN
The dog ate the apple, DET NN V DET NN
Everybody read that book, NN V DET NN
The dog ate the apple, DET NN V DET NN
Everybody read that book, NN V DET NN
The dog ate the apple, DET NN V DET NN
Everybody read that book, NN V DET NN
The dog ate the apple, DET NN V DET NN
Everybody read that book, NN V DET NN
The dog ate the apple, DET NN V DET NN
Everybody read that book, NN V DET NN
The dog ate the apple, DET NN V DET NN
Everybody read that book, NN V DET NN
The dog ate the apple, DET NN V DET NN
Everybody read that book, NN V DET NN
The dog ate the apple, DET NN V DET NN
Everybody read that book, NN V DET NN
The dog ate the apple, DET NN V DET NN
Everybody read that book, NN V DET NN
The dog ate the apple, DET NN V DET NN
Everybody read that book, NN V DET NN
The dog ate the apple, DET NN V DET NN
Everybody read that book, NN V DET NN
The dog ate the apple, DET NN V DET NN
Everybody read that book, NN V DET NN
The dog ate the apple, DET NN V DET NN
Everybody read that book, NN V DET NN
The dog ate the apple, DET NN V DET NN
Everybody read that book, NN V DET NN
The dog ate the apple, DET NN V DET NN
Everybody read that book, NN V DET NN
The dog ate the apple, DET NN V DET NN
Everybody read that book, NN V DET NN
The dog ate the apple, DET NN V DET NN
Everybody read that book, NN V DET NN
The dog ate the apple, DET NN V DET NN
Everybody read that book, NN V DET NN
The dog ate the apple, DET NN V DET NN
Everybody read that book, NN V DET NN
The dog ate the apple, DET NN V DET NN
Everybody read that book, NN V DET NN
The dog ate the apple, DET NN V DET NN
Everybody read that book, NN V DET NN
The dog ate the apple, DET NN V DET NN
Everybody read that book, NN V DET NN
The dog ate the apple, DET NN V DET NN
Everybody read that book, NN V DET NN
The dog ate the apple, DET NN V DET NN
Everybody read that book, NN V DET NN
The dog ate the apple, DET NN V DET NN
Everybody read that book, NN V DET NN
The dog ate the apple, DET NN V DET NN
Everybody read that book, NN V DET NN
The dog ate the apple, DET NN V DET NN
Everybody read that book, NN V DET NN
The dog ate the apple, DET NN V DET NN
Everybody read that book, NN V DET NN
The dog ate the apple, DET NN V DET NN
Everybody read that book, NN V DET NN
The dog ate the apple, DET NN V DET NN
Everybody read that book, NN V DET NN
The dog ate the apple, DET NN V DET NN
Everybody read that book, NN V DET NN
The dog ate the apple, DET NN V DET NN
Everybody read that book, NN V DET NN
The dog ate the apple, DET NN V DET NN
Everybody read that book, NN V DET NN
The dog ate the apple, DET NN V DET NN
Everybody read that book, NN V DET NN
The dog ate the apple, DET NN V DET NN
Everybody read that book, NN V DET NN
The dog ate the apple, DET NN V DET NN
Everybody read that book, NN V DET NN
The dog ate the apple, DET NN V DET NN
Everybody read that book, NN V DET NN
The dog ate the apple, DET NN V DET NN
Everybody read that book, NN V DET NN
The dog ate the apple, DET NN V DET NN
Everybody read that book, NN V DET NN
The dog ate the apple, DET NN V DET NN
Everybody read that book, NN V DET NN
The dog ate the apple, DET NN V DET NN
Everybody read that book, NN V DET NN
The dog ate the apple, DET NN V DET NN
Everybody read that book, NN V DET NN
The dog ate the apple, DET NN V DET NN
Everybody read that book, NN V DET NN
The dog ate the apple, DET NN V DET NN
Everybody read that book, NN V DET NN
The dog ate the apple, DET NN V DET NN
Everybody read that book, NN V DET NN
The dog ate the apple, DET NN V DET NN
Everybody read that book, NN V DET NN
The dog ate the apple, DET NN V DET NN
Everybody read that book, NN V DET NN
The dog ate the apple, DET NN V DET NN
Everybody read that book, NN V DET NN
The dog ate the apple, DET NN V DET NN
Everybody read that book, NN V DET NN
The dog ate the apple, DET NN V DET NN
Everybody read that book, NN V DET NN
The dog ate the apple, DET NN V DET NN
Everybody read that book, NN V DET NN
The dog ate the apple, DET NN V DET NN
Everybody read that book, NN V DET NN
The dog ate the apple, DET NN V DET NN
Everybody read that book, NN V DET NN
The dog ate the apple, DET NN V DET NN
Everybody read that book, NN V DET NN
The dog ate the apple, DET NN V DET NN
Everybody read that book, NN V DET NN
The dog ate the apple, DET NN V DET NN
Everybody read that book, NN V DET NN
The dog ate the apple, DET NN V DET NN
Everybody read that book, NN V DET NN
The dog ate the apple, DET NN V DET NN
Everybody read that book, NN V DET NN
The dog ate the apple, DET NN V DET NN
Everybody read that book, NN V DET NN
The dog ate the apple, DET NN V DET NN
Everybody read that book, NN V DET NN
The dog ate the apple, DET NN V DET NN
Everybody read that book, NN V DET NN
The dog ate the apple, DET NN V DET NN
Everybody read that book, NN V DET NN
The dog ate the apple, DET NN V DET NN
Everybody read that book, NN V DET NN
The dog ate the apple, DET NN V DET NN
Everybody read that book, NN V DET NN
The dog ate the apple, DET NN V DET NN
Everybody read that book, NN V DET NN
The dog ate the apple, DET NN V DET NN
Everybody read that book, NN V DET NN
The dog ate the apple, DET NN V DET NN
Everybody read that book, NN V DET NN
The dog ate the apple, DET NN V DET NN
Everybody read that book, NN V DET NN
The dog ate the apple, DET NN V DET NN
Everybody read that book, NN V DET NN
The dog ate the apple, DET NN V DET NN
Everybody read that book, NN V DET NN
The dog ate the apple, DET NN V DET NN
Everybody read that book, NN V DET NN
The dog ate the apple, DET NN V DET NN
Everybody read that book, NN V DET NN
The dog ate the apple, DET NN V DET NN
Everybody read that book, NN V DET NN
The dog ate the apple, DET NN V DET NN
Everybody read that book, NN V DET NN
The dog ate the apple, DET NN V DET NN
Everybody read that book, NN V DET NN
The dog ate the apple, DET NN V DET NN
Everybody read that book, NN V DET NN
The dog ate the apple, DET NN V DET NN
Everybody read that book, NN V DET NN
The dog ate the apple, DET NN V DET NN
Everybody read that book, NN V DET NN
The dog ate the apple, DET NN V DET NN
Everybody read that book, NN V DET NN
The dog ate the apple, DET NN V DET NN
Everybody read that book, NN V DET NN
The dog ate the apple, DET NN V DET NN
Everybody read that book, NN V DET NN
The dog ate the apple, DET NN V DET NN
Everybody read that book, NN V DET NN
The dog ate the apple, DET NN V DET NN
Everybody read that book, NN V DET NN
The dog ate the apple, DET NN V DET NN
Everybody read that book, NN V DET NN
The dog ate the apple, DET NN V DET NN
Everybody read that book, NN V DET NN
The dog ate the apple, DET NN V DET NN
Everybody read that book, NN V DET NN
The dog ate the apple, DET NN V DET NN
Everybody read that book, NN V DET NN
The dog ate the apple, DET NN V DET NN
Everybody read that book, NN V DET NN
The dog ate the apple, DET NN V DET NN
Everybody read that book, NN V DET NN
The dog ate the apple, DET NN V DET NN
Everybody read that book, NN V DET NN
The dog ate the apple, DET NN V DET NN
Everybody read that book, NN V DET NN
The dog ate the apple, DET NN V DET NN
Everybody read that book, NN V DET NN
The dog ate the apple, DET NN V DET NN
Everybody read that book, NN V DET NN
The dog ate the apple, DET NN V DET NN
Everybody read that book, NN V DET NN
The dog ate the apple, DET NN V DET NN
Everybody read that book, NN V DET NN
The dog ate the apple, DET NN V DET NN
Everybody read that book, NN V DET NN
The dog ate the apple, DET NN V DET NN
Everybody read that book, NN V DET NN
The dog ate the apple, DET NN V DET NN
Everybody read that book, NN V DET NN
The dog ate the apple, DET NN V DET NN
Everybody read that book, NN V DET NN
The dog ate the apple, DET NN V DET NN
Everybody read that book, NN V DET NN
The dog ate the apple, DET NN V DET NN
Everybody read that book, NN V DET NN
The dog ate the apple, DET NN V DET NN
Everybody read that book, NN V DET NN
The dog ate the apple, DET NN V DET NN
Everybody read that book, NN V DET NN
The dog ate the apple, DET NN V DET NN
Everybody read that book, NN V DET NN
The dog ate the apple, DET NN V DET NN
Everybody read that book, NN V DET NN
The dog ate the apple, DET NN V DET NN
Everybody read that book, NN V DET NN
The dog ate the apple, DET NN V DET NN
Everybody read that book, NN V DET NN
The dog ate the apple, DET NN V DET NN
Everybody read that book, NN V DET NN
The dog ate the apple, DET NN V DET NN
Everybody read that book, NN V DET NN
The dog ate the apple, DET NN V DET NN
Everybody read that book, NN V DET NN
The dog ate the apple, DET NN V DET NN
Everybody read that book, NN V DET NN
The dog ate the apple, DET NN V DET NN
Everybody read that book, NN V DET NN
The dog ate the apple, DET NN V DET NN
Everybody read that book, NN V DET NN
The dog ate the apple, DET NN V DET NN
Everybody read that book, NN V DET NN
The dog ate the apple, DET NN V DET NN
Everybody read that book, NN V DET NN
The dog ate the apple, DET NN V DET NN
Everybody read that book, NN V DET NN
The dog ate the apple, DET NN V DET NN
Everybody read that book, NN V DET NN
The dog ate the apple, DET NN V DET NN
Everybody read that book, NN V DET NN
The dog ate the apple, DET NN V DET NN
Everybody read that book, NN V DET NN
The dog ate the apple, DET NN V DET NN
Everybody read that book, NN V DET NN
The dog ate the apple, DET NN V DET NN
Everybody read that book, NN V DET NN
The dog ate the apple, DET NN V DET NN
Everybody read that book, NN V DET NN
The dog ate the apple, DET NN V DET NN
Everybody read that book, NN V DET NN
The dog ate the apple, DET NN V DET NN
Everybody read that book, NN V DET NN
The dog ate the apple, DET NN V DET NN
Everybody read that book, NN V DET NN
The dog ate the apple, DET NN V DET NN
Everybody read that book, NN V DET NN
The dog ate the apple, DET NN V DET NN
Everybody read that book, NN V DET NN
The dog ate the apple, DET NN V DET NN
Everybody read that book, NN V DET NN
The dog ate the apple, DET NN V DET NN
Everybody read that book, NN V DET NN
The dog ate the apple, DET NN V DET NN
Everybody read that book, NN V DET NN
The dog ate the apple, DET NN V DET NN
Everybody read that book, NN V DET NN
The dog ate the apple, DET NN V DET NN
Everybody read that book, NN V DET NN
The dog ate the apple, DET NN V DET NN
Everybody read that book, NN V DET NN
The dog ate the apple, DET NN V DET NN
Everybody read that book, NN V DET NN
The dog ate the apple, DET NN V DET NN
Everybody read that book, NN V DET NN
The dog ate the apple, DET NN V DET NN
Everybody read that book, NN V DET NN
The dog ate the apple, DET NN V DET NN
Everybody read that book, NN V DET NN
The dog ate the apple, DET NN V DET NN
Everybody read that book, NN V DET NN
The dog ate the apple, DET NN V DET NN
Everybody read that book, NN V DET NN
The dog ate the apple, DET NN V DET NN
Everybody read that book, NN V DET NN
The dog ate the apple, DET NN V DET NN
Everybody read that book, NN V DET NN
The dog ate the apple, DET NN V DET NN
Everybody read that book, NN V DET NN
The dog ate the apple, DET NN V DET NN
Everybody read that book, NN V DET NN
The dog ate the apple, DET NN V DET NN
Everybody read that book, NN V DET NN
The dog ate the apple, DET NN V DET NN
Everybody read that book, NN V DET NN
The dog ate the apple, DET NN V DET NN
Everybody read that book, NN V DET NN
The dog ate the apple, DET NN V DET NN
Everybody read that book, NN V DET NN
The dog ate the apple, DET NN V DET NN
Everybody read that book, NN V DET NN
The dog ate the apple, DET NN V DET NN
Everybody read that book, NN V DET NN
The dog ate the apple, DET NN V DET NN
Everybody read that book, NN V DET NN
The dog ate the apple, DET NN V DET NN
Everybody read that book, NN V DET NN
The dog ate the apple, DET NN V DET NN
Everybody read that book, NN V DET NN
The dog ate the apple, DET NN V DET NN
Everybody read that book, NN V DET NN
The dog ate the apple, DET NN V DET NN
Everybody read that book, NN V DET NN
The dog ate the apple, DET NN V DET NN
Everybody read that book, NN V DET NN
The dog ate the apple, DET NN V DET NN
Everybody read that book, NN V DET NN
The dog ate the apple, DET NN V DET NN
Everybody read that book, NN V DET NN
The dog ate the apple, DET NN V DET NN
Everybody read that book, NN V DET NN
The dog ate the apple, DET NN V DET NN
Everybody read that book, NN V DET NN
The dog ate the apple, DET NN V DET NN
Everybody read that book, NN V DET NN
The dog ate the apple, DET NN V DET NN
Everybody read that book, NN V DET NN
The dog ate the apple, DET NN V DET NN
Everybody read that book, NN V DET NN
The dog ate the apple, DET NN V DET NN
Everybody read that book, NN V DET NN
The dog ate the apple, DET NN V DET NN
Everybody read that book, NN V DET NN
The dog ate the apple, DET NN V DET NN
Everybody read that book, NN V DET NN
The dog ate the apple, DET NN V DET NN
Everybody read that book, NN V DET NN
The dog ate the apple, DET NN V DET NN
Everybody read that book, NN V DET NN
The dog ate the apple, DET NN V DET NN
Everybody read that book, NN V DET NN
The dog ate the apple, DET NN V DET NN
Everybody read that book, NN V DET NN
The dog ate the apple, DET NN V DET NN
Everybody read that book, NN V DET NN
The dog ate the apple, DET NN V DET NN
Everybody read that book, NN V DET NN
The dog ate the apple, DET NN V DET NN
Everybody read that book, NN V DET NN
The dog ate the apple, DET NN V DET NN
Everybody read that book, NN V DET NN
The dog ate the apple, DET NN V DET NN
Everybody read that book, NN V DET NN
The dog ate the apple, DET NN V DET NN
Everybody read that book, NN V DET NN
The dog ate the apple, DET NN V DET NN
Everybody read that book, NN V DET NN
The dog ate the apple, DET NN V DET NN
Everybody read that book, NN V DET NN
The dog ate the apple, DET NN V DET NN
Everybody read that book, NN V DET NN
The dog ate the apple, DET NN V DET NN
Everybody read that book, NN V DET NN
The dog ate the apple, DET NN V DET NN
Everybody read that book, NN V DET NN
The dog ate the apple, DET NN V DET NN
Everybody read that book, NN V DET NN
The dog ate the apple, DET NN V DET NN
Everybody read that book, NN V DET NN
The dog ate the apple, DET NN V DET NN
Everybody read that book, NN V DET NN
The dog ate the apple, DET NN V DET NN
Everybody read that book, NN V DET NN
The dog ate the apple, DET NN V DET NN
Everybody read that book, NN V DET NN
The dog ate the apple, DET NN V DET NN
Everybody read that book, NN V DET NN
The dog ate the apple, DET NN V DET NN
Everybody read that book, NN V DET NN
The dog ate the apple, DET NN V DET NN
Everybody read that book, NN V DET NN
The dog ate the apple, DET NN V DET NN
Everybody read that book, NN V DET NN
The dog ate the apple, DET NN V DET NN
Everybody read that book, NN V DET NN
The dog ate the apple, DET NN V DET NN
Everybody read that book, NN V DET NN
The dog ate the apple, DET NN V DET NN
Everybody read that book, NN V DET NN
The dog ate the apple, DET NN V DET NN
Everybody read that book, NN V DET NN
The dog ate the apple, DET NN V DET NN
Everybody read that book, NN V DET NN
The dog ate the apple, DET NN V DET NN
Everybody read that book, NN V DET NN
The dog ate the apple, DET NN V DET NN
Everybody read that book, NN V DET NN
The dog ate the apple, DET NN V DET NN
Everybody read that book, NN V DET NN
The dog ate the apple, DET NN V DET NN
Everybody read that book, NN V DET NN
The dog ate the apple, DET NN V DET NN
Everybody read that book, NN V DET NN
The dog ate the apple, DET NN V DET NN
Everybody read that book, NN V DET NN
The dog ate the apple, DET NN V DET NN
Everybody read that book, NN V DET NN
The dog ate the apple, DET NN V DET NN
Everybody read that book, NN V DET NN
The dog ate the apple, DET NN V DET NN
Everybody read that book, NN V DET NN
The dog ate the apple, DET NN V DET NN
Everybody read that book, NN V DET NN
The dog ate the apple, DET NN V DET NN
Everybody read that book, NN V DET NN
The dog ate the apple, DET NN V DET NN
Everybody read that book, NN V DET NN
The dog ate the apple, DET NN V DET NN
Everybody read that book, NN V DET NN
The dog ate the apple, DET NN V DET NN
Everybody read that book, NN V DET NN
The dog ate the apple, DET NN V DET NN
Everybody read that book, NN V DET NN
The dog ate the apple, DET NN V DET NN
Everybody read that book, NN V DET NN
The dog ate the apple, DET NN V DET NN
Everybody read that book, NN V DET NN
The dog ate the apple, DET NN V DET NN
Everybody read that book, NN V DET NN
The dog ate the apple, DET NN V DET NN
Everybody read that book, NN V DET NN
The dog ate the apple, DET NN V DET NN
Everybody read that book, NN V DET NN
The dog ate the apple, DET NN V DET NN
Everybody read that book, NN V DET NN
The dog ate the apple, DET NN V DET NN
Everybody read that book, NN V DET NN
The dog ate the apple, DET NN V DET NN
Everybody read that book, NN V DET NN
The dog ate the apple, DET NN V DET NN
Everybody read that book, NN V DET NN
The dog ate the apple, DET NN V DET NN
Everybody read that book, NN V DET NN
The dog ate the apple, DET NN V DET NN
Everybody read that book, NN V DET NN
The dog ate the apple, DET NN V DET NN
Everybody read that book, NN V DET NN
The dog ate the apple, DET NN V DET NN
Everybody read that book, NN V DET NN
The dog ate the apple, DET NN V DET NN
Everybody read that book, NN V DET NN
The dog ate the apple, DET NN V DET NN
Everybody read that book, NN V DET NN
The dog ate the apple, DET NN V DET NN
Everybody read that book, NN V DET NN
The dog ate the apple, DET NN V DET NN
Everybody read that book, NN V DET NN
The dog ate the apple, DET NN V DET NN
Everybody read that book, NN V DET NN
The dog ate the apple, DET NN V DET NN
Everybody read that book, NN V DET NN
The dog ate the apple, DET NN V DET NN
Everybody read that book, NN V DET NN
The dog ate the apple, DET NN V DET NN
Everybody read that book, NN V DET NN
The dog ate the apple, DET NN V DET NN
Everybody read that book, NN V DET NN
The dog ate the apple, DET NN V DET NN
Everybody read that book, NN V DET NN
The dog ate the apple, DET NN V DET NN
Everybody read that book, NN V DET NN
The dog ate the apple, DET NN V DET NN
Everybody read that book, NN V DET NN
The dog ate the apple, DET NN V DET NN
Everybody read that book, NN V DET NN
The dog ate the apple, DET NN V DET NN
Everybody read that book, NN V DET NN
The dog ate the apple, DET NN V DET NN
Everybody read that book, NN V DET NN
The dog ate the apple, DET NN V DET NN
Everybody read that book, NN V DET NN
The dog ate the apple, DET NN V DET NN
Everybody read that book, NN V DET NN
The dog ate the apple, DET NN V DET NN
Everybody read that book, NN V DET NN
The dog ate the apple, DET NN V DET NN
Everybody read that book, NN V DET NN
The dog ate the apple, DET NN V DET NN
Everybody read that book, NN V DET NN
The dog ate the apple, DET NN V DET NN
Everybody read that book, NN V DET NN
The dog ate the apple, DET NN V DET NN
Everybody read that book, NN V DET NN
The dog ate the apple, DET NN V DET NN
Everybody read that book, NN V DET NN
The dog ate the apple, DET NN V DET NN
Everybody read that book, NN V DET NN
The dog ate the apple, DET NN V DET NN
Everybody read that book, NN V DET NN
The dog ate the apple, DET NN V DET NN
Everybody read that book, NN V DET NN
The dog ate the apple, DET NN V DET NN
Everybody read that book, NN V DET NN
The dog ate the apple, DET NN V DET NN
Everybody read that book, NN V DET NN
The dog ate the apple, DET NN V DET NN
Everybody read that book, NN V DET NN
The dog ate the apple, DET NN V DET NN
Everybody read that book, NN V DET NN
The dog ate the apple, DET NN V DET NN
Everybody read that book, NN V DET NN
The dog ate the apple, DET NN V DET NN
Everybody read that book, NN V DET NN
The dog ate the apple, DET NN V DET NN
Everybody read that book, NN V DET NN
The dog ate the apple, DET NN V DET NN
Everybody read that book, NN V DET NN
The dog ate the apple, DET NN V DET NN
Everybody read that book, NN V DET NN
The dog ate the apple, DET NN V DET NN
Everybody read that book, NN V DET NN
The dog ate the apple, DET NN V DET NN
Everybody read that book, NN V DET NN
The dog ate the apple, DET NN V DET NN
Everybody read that book, NN V DET NN
The dog ate the apple, DET NN V DET NN
Everybody read that book, NN V DET NN
The dog ate the apple, DET NN V DET NN
Everybody read that book, NN V DET NN
The dog ate the apple, DET NN V DET NN
Everybody read that book, NN V DET NN
The dog ate the apple, DET NN V DET NN
Everybody read that book, NN V DET NN
The dog ate the apple, DET NN V DET NN
Everybody read that book, NN V DET NN
The dog ate the apple, DET NN V DET NN
Everybody read that book, NN V DET NN
The dog ate the apple, DET NN V DET NN
Everybody read that book, NN V DET NN
The dog ate the apple, DET NN V DET NN
Everybody read that book, NN V DET NN
The dog ate the apple, DET NN V DET NN
Everybody read that book, NN V DET NN
The dog ate the apple, DET NN V DET NN
Everybody read that book, NN V DET NN
The dog ate the apple, DET NN V DET NN
Everybody read that book, NN V DET NN
The dog ate the apple, DET NN V DET NN
Everybody read that book, NN V DET NN
The dog ate the apple, DET NN V DET NN
Everybody read that book, NN V DET NN
The dog ate the apple, DET NN V DET NN
Everybody read that book, NN V DET NN
The dog ate the apple, DET NN V DET NN
Everybody read that book, NN V DET NN
The dog ate the apple, DET NN V DET NN
Everybody read that book, NN V DET NN
The dog ate the apple, DET NN V DET NN
Everybody read that book, NN V DET NN
The dog ate the apple, DET NN V DET NN
Everybody read that book, NN V DET NN
The dog ate the apple, DET NN V DET NN
Everybody read that book, NN V DET NN
The dog ate the apple, DET NN V DET NN
Everybody read that book, NN V DET NN
The dog ate the apple, DET NN V DET NN
Everybody read that book, NN V DET NN
The dog ate the apple, DET NN V DET NN
Everybody read that book, NN V DET NN
The dog ate the apple, DET NN V DET NN
Everybody read that book, NN V DET NN
The dog ate the apple, DET NN V DET NN
Everybody read that book, NN V DET NN
The dog ate the apple, DET NN V DET NN
Everybody read that book, NN V DET NN
The dog ate the apple, DET NN V DET NN
Everybody read that book, NN V DET NN
The dog ate the apple, DET NN V DET NN
Everybody read that book, NN V DET NN
The dog ate the apple, DET NN V DET NN
Everybody read that book, NN V DET NN
The dog ate the apple, DET NN V DET NN
Everybody read that book, NN V DET NN
The dog ate the apple, DET NN V DET NN
Everybody read that book, NN V DET NN
The dog ate the apple, DET NN V DET NN
Everybody read that book, NN V DET NN
The dog ate the apple, DET NN V DET NN
Everybody read that book, NN V DET NN
The dog ate the apple, DET NN V DET NN
Everybody read that book, NN V DET NN
The dog ate the apple, DET NN V DET NN
Everybody read that book, NN V DET NN
The dog ate the apple, DET NN V DET NN
Everybody read that book, NN V DET NN
The dog ate the apple, DET NN V DET NN
Everybody read that book, NN V DET NN
The dog ate the apple, DET NN V DET NN
Everybody read that book, NN V DET NN
The dog ate the apple, DET NN V DET NN
Everybody read that book, NN V DET NN
The dog ate the apple, DET NN V DET NN
Everybody read that book, NN V DET NN
The dog ate the apple, DET NN V DET NN
Everybody read that book, NN V DET NN
The dog ate the apple, DET NN V DET NN
Everybody read that book, NN V DET NN
The dog ate the apple, DET NN V DET NN
Everybody read that book, NN V DET NN
The dog ate the apple, DET NN V DET NN
Everybody read that book, NN V DET NN
The dog ate the apple, DET NN V DET NN
Everybody read that book, NN V DET NN
The dog ate the apple, DET NN V DET NN
Everybody read that book, NN V DET NN
The dog ate the apple, DET NN V DET NN
Everybody read that book, NN V DET NN
The dog ate the apple, DET NN V DET NN
Everybody read that book, NN V DET NN
The dog ate the apple, DET NN V DET NN
Everybody read that book, NN V DET NN
The dog ate the apple, DET NN V DET NN
Everybody read that book, NN V DET NN
The dog ate the apple, DET NN V DET NN
Everybody read that book, NN V DET NN
The dog ate the apple, DET NN V DET NN
Everybody read that book, NN V DET NN
The dog ate the apple, DET NN V DET NN
Everybody read that book, NN V DET NN
The dog ate the apple, DET NN V DET NN
Everybody read that book, NN V DET NN
The dog ate the apple, DET NN V DET NN
Everybody read that book, NN V DET NN
The dog ate the apple, DET NN V DET NN
Everybody read that book, NN V DET NN
The dog ate the apple, DET NN V DET NN
Everybody read that book, NN V DET NN
The dog ate the apple, DET NN V DET NN
Everybody read that book, NN V DET NN
The dog ate the apple, DET NN V DET NN
Everybody read that book, NN V DET NN
The dog ate the apple, DET NN V DET NN
Everybody read that book, NN V DET NN
The dog ate the apple, DET NN V DET NN
Everybody read that book, NN V DET NN
The dog ate the apple, DET NN V DET NN
Everybody read that book, NN V DET NN
The dog ate the apple, DET NN V DET NN
Everybody read that book, NN V DET NN
The dog ate the apple, DET NN V DET NN
Everybody read that book, NN V DET NN
The dog ate the apple, DET NN V DET NN
Everybody read that book, NN V DET NN
The dog ate the apple, DET NN V DET NN
Everybody read that book, NN V DET NN
The dog ate the apple, DET NN V DET NN
Everybody read that book, NN V DET NN
The dog ate the apple, DET NN V DET NN
Everybody read that book, NN V DET NN
The dog ate the apple, DET NN V DET NN
Everybody read that book, NN V DET NN
The dog ate the apple, DET NN V DET NN
Everybody read that book, NN V DET NN
The dog ate the apple, DET NN V DET NN
Everybody read that book, NN V DET NN
The dog ate the apple, DET NN V DET NN
Everybody read that book, NN V DET NN
The dog ate the apple, DET NN V DET NN
Everybody read that book, NN V DET NN
The dog ate the apple, DET NN V DET NN
Everybody read that book, NN V DET NN
The dog ate the apple, DET NN V DET NN
Everybody read that book, NN V DET NN
The dog ate the apple, DET NN V DET NN
Everybody read that book, NN V DET NN
The dog ate the apple, DET NN V DET NN
Everybody read that book, NN V DET NN
The dog ate the apple, DET NN V DET NN
Everybody read that book, NN V DET NN
The dog ate the apple, DET NN V DET NN
Everybody read that book, NN V DET NN
The dog ate the apple, DET NN V DET NN
Everybody read that book, NN V DET NN
The dog ate the apple, DET NN V DET NN
Everybody read that book, NN V DET NN
The dog ate the apple, DET NN V DET NN
Everybody read that book, NN V DET NN
The dog ate the apple, DET NN V DET NN
Everybody read that book, NN V DET NN
The dog ate the apple, DET NN V DET NN
Everybody read that book, NN V DET NN
The dog ate the apple, DET NN V DET NN
Everybody read that book, NN V DET NN
The dog ate the apple, DET NN V DET NN
Everybody read that book, NN V DET NN
The dog ate the apple, DET NN V DET NN
Everybody read that book, NN V DET NN
The dog ate the apple, DET NN V DET NN
Everybody read that book, NN V DET NN
The dog ate the apple, DET NN V DET NN
Everybody read that book, NN V DET NN
The dog ate the apple, DET NN V DET NN
Everybody read that book, NN V DET NN
The dog ate the apple, DET NN V DET NN
Everybody read that book, NN V DET NN
The dog ate the apple, DET NN V DET NN
Everybody read that book, NN V DET NN
The dog ate the apple, DET NN V DET NN
Everybody read that book, NN V DET NN
The dog ate the apple, DET NN V DET NN
Everybody read that book, NN V DET NN
The dog ate the apple, DET NN V DET NN
Everybody read that book, NN V DET NN
The dog ate the apple, DET NN V DET NN
Everybody read that book, NN V DET NN
The dog ate the apple, DET NN V DET NN
Everybody read that book, NN V DET NN
The dog ate the apple, DET NN V DET NN
Everybody read that book, NN V DET NN
The dog ate the apple, DET NN V DET NN
Everybody read that book, NN V DET NN
The dog ate the apple, DET NN V DET NN
Everybody read that book, NN V DET NN
The dog ate the apple, DET NN V DET NN
Everybody read that book, NN V DET NN
The dog ate the apple, DET NN V DET NN
Everybody read that book, NN V DET NN
The dog ate the apple, DET NN V DET NN
Everybody read that book, NN V DET NN
The dog ate the apple, DET NN V DET NN
Everybody read that book, NN V DET NN
The dog ate the apple, DET NN V DET NN
Everybody read that book, NN V DET NN
The dog ate the apple, DET NN V DET NN
Everybody read that book, NN V DET NN
The dog ate the apple, DET NN V DET NN
Everybody read that book, NN V DET NN
The dog ate the apple, DET NN V DET NN
Everybody read that book, NN V DET NN
The dog ate the apple, DET NN V DET NN
Everybody read that book, NN V DET NN
The dog ate the apple, DET NN V DET NN
Everybody read that book, NN V DET NN
